specimen.id,treatment,sex,Csize,curvature
T265n10,AmpR,female,253.426298731779,0.0636072521403064
T265n11,AmpR,female,267.820835634571,0.0679453174746295
T265n13,AmpR,female,267.693024854133,0.0620924648723925
T265n14,AmpR,male,268.066326784167,0.0334981153634319
T265n15,AmpR,female,265.271349543988,0.0738592887814434
T265n18,AmpR,female,272.138853447198,0.0664588247553388
T265n19,AmpR,male,275.243730375664,0.0544909760849616
T265n2,AmpR,female,267.254352422723,0.0661827075493506
T265n21,AmpR,male,253.958876811013,0.0454185399027362
T265n22,AmpR,female,227.788034999402,0.0928670200569492
T265n23,AmpR,female,300.068140409622,0.080154464779843
T265n24,AmpR,female,255.862159070943,0.0886811842267602
T265n25,AmpR,female,239.03096099889,0.101913871987587
T265n26,AmpR,male,251.940028137209,0.0488950884359628
T265n3,AmpR,female,295.069106783102,0.069238311563546
T265n5,AmpR,male,239.907389539288,0.0537013567647732
T265n6,AmpR,female,232.547963989272,0.0951564070056145
T265n7,AmpR,male,246.509860068743,0.0430189051459403
T265n8,AmpR,male,236.103555434663,0.0408357400365027
T289n1,AmpR,female,269.567967104567,0.0725684377425988
T289n10,AmpR,male,234.454789874532,0.0366210924632243
T289n11,AmpR,female,195.365185116375,0.0479276267677379
T289n12,AmpR,female,287.107530165577,0.0576092602727662
T289n13,AmpR,female,271.921063893346,0.0592941953274276
T289n14,AmpR,male,247.649870426868,0.0378293132332907
T289n15,AmpR,female,285.411553921701,0.0804093301827871
T289n17,AmpR,female,265.863748360781,0.0706316410145595
T289n18,AmpR,female,258.144977452593,0.0660382581872398
T289n19,AmpR,male,239.718279099539,0.033034072044716
T289n2,AmpR,male,247.490489257444,0.0469423588583916
T289n20,AmpR,female,285.815013990207,0.0784374553170146
T289n21,AmpR,male,276.014775685006,0.048404140218632
T289n3,AmpR,male,274.598224482809,0.0399692814572635
T289n4,AmpR,female,256.315461114273,0.0674050818270453
T289n5,AmpR,female,282.779401962024,0.0829404938490381
T289n6,AmpR,male,265.656001458862,0.0497698557032036
T289n7,AmpR,male,246.774751094551,0.039417251412539
T289n8,AmpR,male,272.589231058178,0.0352467014287479
T289n9,AmpR,male,247.627287334996,0.0424696421680623
T324n11,AmpR,male,258.602326287981,0.040846156228786
T324n12,AmpR,female,317.614371351312,0.0782947460613508
T324n14,AmpR,male,268.938076128234,0.0394394290772264
T324n15,AmpR,male,255.502989762895,0.0449767458104264
T324n16,AmpR,male,308.824323949897,0.0402053387135375
T324n19,AmpR,female,321.90302197332,0.0735411636368684
T324n2,AmpR,male,257.165748540163,0.0296702197192634
T324n21,AmpR,female,315.405911309362,0.0786209503156335
T324n22,AmpR,male,265.57181196733,0.06547488470857
T324n23,AmpR,male,280.253853179974,0.0536422802451588
T324n24,AmpR,female,237.615119426884,0.0869409817444546
T324n25,AmpR,female,242.64610010019,0.0930578126896023
T324n26,AmpR,male,267.240632306458,0.033895886854704
T324n27,AmpR,female,308.396570091894,0.060862528665587
T324n3,AmpR,female,275.312347868542,0.0601534853508938
T324n5,AmpR,female,294.309738578631,0.0707756769226765
T324n8,AmpR,female,324.963245784983,0.0788790510801841
T324n9,AmpR,female,294.927486379656,0.0536445657680465
T426n1,AmpR,female,260.07349388629,0.0657726288639007
T426n10,AmpR,female,264.275950055577,0.0759287873980053
T426n11,AmpR,male,216.297506021478,0.0569697495732157
T426n2,AmpR,male,264.937728532574,0.0484829176608083
T426n3,AmpR,male,268.875849086939,0.0478879084170724
T426n4,AmpR,male,256.999783830432,0.0413693118493109
T426n5,AmpR,male,257.781992302712,0.0468063493063915
T426n6,AmpR,male,259.214197142055,0.0351206863558656
T426n7,AmpR,male,236.4816177963,0.042948283343942
T426n8,AmpR,female,304.509806446725,0.0676385782907293
T426n9,AmpR,male,271.520819746029,0.0446716973943782
T438n1,AmpR,female,236.741420119083,0.0667594218443642
T438n10,AmpR,male,282.41498229064,0.0328148566158303
T438n11,AmpR,male,226.898782323217,0.0402692157037133
T438n12,AmpR,male,283.874776774706,0.029718156600149
T438n13,AmpR,male,284.076671966488,0.043129368060088
T438n14,AmpR,female,287.459369109599,0.0552853238228217
T438n15,AmpR,female,572.725234661247,0.0685600654106439
T438n16,AmpR,male,257.954345659158,0.0519936709875587
T438n17,AmpR,male,270.876765748231,0.039040789226305
T438n18,AmpR,female,204.019606900905,0.0633075398643151
T438n19,AmpR,female,233.628384881252,0.0557112910245793
T438n2,AmpR,female,221.597341382199,0.0933504050467423
T438n20,AmpR,female,136.240879818907,0.0600824762721226
T438n21,AmpR,female,272.875286764704,0.0913587185954677
T438n22,AmpR,female,279.70778402548,0.0784606009387059
T438n23,AmpR,male,249.133609847318,0.0294789797429451
T438n24,AmpR,male,283.583419042009,0.023186745176009
T438n25,AmpR,male,253.888864575734,0.0405898866193791
T438n3,AmpR,female,289.548307234254,0.0588245827959474
T438n4,AmpR,male,284.962375684152,0.0256087640553794
T438n5,AmpR,male,261.00148999149,0.0184920931915272
T438n6,AmpR,male,259.953842056624,0.0418369484731946
T438n7,AmpR,male,273.079556987418,0.0305947008355673
T438n8,AmpR,male,256.757559663673,0.0392743108592552
T438n9,AmpR,male,292.755491456228,0.04579719211619
T259n10,dsx,female,242.196283221321,0.0755500823448957
T259n2,dsx,female,281.375589243669,0.0768435422159808
T259n3,dsx,female,295.490928606766,0.0879102797594787
T259n5,dsx,male,265.634251472877,0.0480984809389953
T259n6,dsx,female,305.516684396195,0.08038759506434
T259n7,dsx,female,300.971390297779,0.0819397959678794
T259n8,dsx,female,281.1093104905,0.0830725786915806
T259n9,dsx,female,299.685019831007,0.0878795272922999
T261n10,dsx,female,290.793550287638,0.0730119028905421
T261n2,dsx,female,280.249492020553,0.0679849754483045
T261n3,dsx,female,186.650594546185,0.0276153751475257
T261n4,dsx,female,246.24448686124,0.0550093098843078
T261n5,dsx,female,275.418872910982,0.0698654321725293
T261n6,dsx,female,290.424593387758,0.0622290562011025
T261n7,dsx,female,241.568303253736,0.0486989120788572
T261n8,dsx,female,272.980666796102,0.0633702403542274
T261n9,dsx,female,254.811376863139,0.0711153973340779
T262n1,dsx,female,246.742330737508,0.0527076059114238
T262n11,dsx,male,232.766931595629,0.0503840248740337
T262n12,dsx,female,264.684298321184,0.066256536687291
T262n14,dsx,female,251.595795760669,0.0633221336296115
T262n15,dsx,female,276.78519728041,0.0709256030376798
T262n16,dsx,female,279.887278897932,0.060021324654899
T262n17,dsx,female,284.68799590702,0.0740917819781994
T262n18,dsx,female,293.40453681261,0.0622880289647525
T262n19,dsx,female,268.40102665808,0.0570955307417775
T262n2,dsx,female,287.055550179558,0.063498510989134
T262n3,dsx,male,242.008264321696,0.0291042116726565
T262n4,dsx,female,259.479821523327,0.0575882831021971
T262n6,dsx,female,288.969048707835,0.0561275373853283
T262n7,dsx,female,282.600621215013,0.0517249338632167
T262n8,dsx,female,262.761404235012,0.0715834762401824
T262n9,dsx,female,304.006944365128,0.0864287528652894
T290n1,dsx,female,273.464880542274,0.065905982893631
T290n3,dsx,female,297.61555606371,0.0658925763521501
T290n4,dsx,female,272.17234717934,0.0596630546183031
T290n5,dsx,female,274.280421882828,0.0676884507604676
T290n7,dsx,female,294.993408589262,0.0659867274534954
T290n8,dsx,female,285.068023071297,0.0563052213360226
T293n1,dsx,male,244.311276858028,0.042537314706955
T293n11,dsx,female,273.020552746899,0.0671768950047457
T293n12,dsx,female,283.397639761206,0.0771382407412319
T293n13,dsx,female,162.140199964242,0.0415025690663833
T293n14,dsx,female,254.441436178238,0.0703079415470234
T293n3,dsx,female,226.212623461989,0.0488593770916187
T293n4,dsx,female,272.456074251327,0.0553331175182166
T293n6,dsx,female,302.043411155122,0.0731778221648881
T293n8,dsx,female,265.566898874423,0.0602670164567736
T293n9,dsx,female,295.834788728814,0.0751785151822664
T325n1,dsx,female,265.767929771655,0.0637977571097427
T325n13,dsx,male,291.27611947734,0.0403801542164161
T325n15,dsx,female,324.666324435138,0.0699353612552621
T325n18,dsx,female,313.551342597101,0.0733419894405904
T325n2,dsx,female,266.075177346554,0.0558971833501524
T325n21,dsx,male,275.537857854617,0.0373468896766743
T325n23,dsx,female,315.194825112624,0.0673776266246746
T325n24,dsx,female,332.735463828082,0.0758156823416189
T325n25,dsx,male,290.97286132177,0.0544118549468875
T325n26,dsx,female,303.742581070807,0.0753363251867371
T325n27,dsx,female,325.139628125791,0.0631118399375068
T325n28,dsx,female,316.788397655105,0.0716098187252709
T325n30,dsx,female,257.999569336419,0.0489541392728198
T325n5,dsx,female,304.376229178444,0.0669665869259965
T325n6,dsx,female,299.046633301378,0.0738539982591235
T325n8,dsx,female,330.299527365356,0.0535408927996875
T325n9,dsx,female,310.673104368205,0.058302595918694
T329n1,dsx,male,258.800652583756,0.0545169126289137
T329n17,dsx,male,287.996913563709,0.0320823432384253
T329n18,dsx,female,326.746928915262,0.0602534039091951
T329n19,dsx,female,237.169887539619,0.0400814317673573
T329n2,dsx,male,230.485477971076,0.0827618744796222
T329n20,dsx,female,310.929073727255,0.065900267121371
T329n3,dsx,male,263.924231551406,0.0593181919213397
T329n5,dsx,female,311.93731564032,0.0687022023923639
T329n6,dsx,male,269.781804839063,0.0603019959291715
T329n7,dsx,male,290.903573179995,0.0458592055094312
T331n10,dsx,male,286.797644496758,0.0564583320851194
T331n12,dsx,female,230.090047497792,0.0340563338030479
T331n13,dsx,female,300.250636043364,0.0513643847385078
T331n14,dsx,male,300.941116425715,0.0547540270379887
T331n2,dsx,female,278.790642278794,0.0799121602964144
T331n20,dsx,male,276.899099151859,0.055412451092831
T331n24,dsx,male,273.986212142955,0.0563854412452205
T331n25,dsx,male,269.254939086031,0.0452850376965284
T331n26,dsx,male,281.903844914853,0.0583652077296952
T331n27,dsx,male,267.480425036633,0.0605927301964252
T331n28,dsx,male,281.689742644476,0.0613672751561938
T331n29,dsx,male,252.967279394874,0.0563538252709375
T331n31,dsx,male,277.822599229956,0.0518531428028907
T331n33,dsx,female,314.091635602662,0.0708164201623533
T331n34,dsx,female,315.840325340371,0.0840553997022996
T331n35,dsx,female,321.838123561796,0.0858853718906148
T331n36,dsx,female,313.055195701262,0.087696701435438
T331n39,dsx,male,265.66938518057,0.0514400852358093
T331n4,dsx,male,249.261130365549,0.0477885211314764
T331n40,dsx,male,235.520362153443,0.0510695855625914
T331n41,dsx,female,294.815950118789,0.0789075845909954
T331n42,dsx,female,303.139865042158,0.0755420912933316
T331n47,dsx,male,259.802061406585,0.0681614550371153
T331n48,dsx,male,278.858769602504,0.0790811475871941
T331n9,dsx,female,323.031818178265,0.0895107177006814
T348n1,dsx,male,299.59454081957,0.0814055785158259
T348n10,dsx,female,320.063188205774,0.0733474294246253
T348n11,dsx,female,314.241237834177,0.0763030240665748
T348n16,dsx,female,333.936844478114,0.0706755294252404
T348n2,dsx,female,318.122268597748,0.0653517422248084
T348n3,dsx,female,318.30523436196,0.0817688843093125
T348n5,dsx,male,263.013307648111,0.0558960180823971
T348n6,dsx,male,220.929350195436,0.0800028863210189
T348n7,dsx,male,220.272558436134,0.0764959967614975
T354n1,dsx,female,313.607330478383,0.0674048057877849
T354n10,dsx,female,299.587860607795,0.0567407292139733
T354n11,dsx,female,287.533572918982,0.050732111348807
T354n2,dsx,male,284.243244813702,0.0581422871532742
T354n3,dsx,female,286.957991505532,0.0509412021170414
T354n4,dsx,female,288.973068677881,0.060758858644864
T354n5,dsx,female,295.011487535278,0.0533909179515244
T354n8,dsx,female,287.646937225327,0.0446198159496075
T397n2,dsx,female,286.201948902441,0.0673858745332281
T431n1,dsx,male,209.008240135274,0.0254377965973048
T431n2,dsx,male,216.964922920222,0.0640958500785687
T431n3,dsx,male,257.750956459051,0.0481260646508279
T431n4,dsx,male,276.725294992866,0.0558157885031963
T431n5,dsx,female,251.668211915786,0.0475335185623275
T431n6,dsx,female,284.44409722201,0.0552672835509162
T431n7,dsx,male,235.168025037419,0.0445625831317002
T431n8,dsx,male,195.775381496244,0.0356348167213765
T431n9,dsx,male,216.823532958128,0.0572509533231671
T435n1,dsx,male,260.411639951486,0.0492363641955026
T435n2,dsx,male,216.06583358885,0.0411924669777578
T435n3,dsx,male,247.878106244895,0.0615783744803884
T435n4,dsx,female,306.253344652938,0.0618246859224837
T435n5,dsx,female,319.98611080969,0.0627559276431831
T435n8,dsx,female,309.69662574849,0.0605977091070974
T435n9,dsx,female,250.512363855448,0.0615013658015756
T436n1,dsx,male,241.101177470741,0.0331678083608
T436n2,dsx,male,260.203339290213,0.0611386868134086
T436n3,dsx,male,253.538513401372,0.0651321464823183
T436n7,dsx,female,323.515412650189,0.0595646671011233
T436n9,dsx,female,300.759039764393,0.0571857713343674
T398n1,dmrtTriple,female,246.688092927285,0.0262432829274702
T398n2,dmrtTriple,female,233.367854589178,0.0346864143079283
T398n4,dmrtTriple,female,266.964417104602,0.0461934816965707
T399n1,dmrtTriple,female,280.314008144042,0.066993228043852
T399n5,dmrtTriple,male,247.361555238242,0.0276927180358296
T413n1,dmrtTriple,female,264.753554167729,0.0510574236487339
T413n10,dmrtTriple,male,286.944051844413,0.0444093390459184
T413n11,dmrtTriple,female,320.451070974788,0.0830833669060786
T413n12,dmrtTriple,female,314.772934033408,0.0722257415436656
T413n13,dmrtTriple,male,278.290415852856,0.0355044221784968
T413n14,dmrtTriple,male,256.148828266346,0.0485165283157781
T413n15,dmrtTriple,female,288.751719571599,0.0456239232672599
T413n16,dmrtTriple,male,273.574284041627,0.0490586686216366
T413n17,dmrtTriple,female,322.906935337241,0.0819041205166978
T413n18,dmrtTriple,female,297.627657018333,0.06924206642213
T413n19,dmrtTriple,female,250.727386262894,0.044503593238291
T413n2,dmrtTriple,male,273.049446071586,0.0592848100448074
T413n5,dmrtTriple,male,302.411052120197,0.0484757178303435
T413n6,dmrtTriple,male,307.946604318202,0.0422672604564457
T413n7,dmrtTriple,male,276.518434185579,0.0447801052580339
T413n8,dmrtTriple,male,276.871410184905,0.0438091713724527
T413n9,dmrtTriple,male,251.009074647821,0.0361164408133437
T414n1,dmrtTriple,female,276.428009515035,0.0770662295211287
T414n10,dmrtTriple,male,288.672055376955,0.0477909559856208
T414n2,dmrtTriple,female,267.054717655806,0.0835526355086757
T414n3,dmrtTriple,male,243.086505682531,0.02852236848191
T414n4,dmrtTriple,female,287.54130138121,0.0718173433804099
T414n5,dmrtTriple,female,292.301214503122,0.04190288728318
T414n6,dmrtTriple,female,276.970917045254,0.062127258547882
T414n7,dmrtTriple,female,306.669565203693,0.0664088172786393
T414n8,dmrtTriple,female,312.180859260924,0.0913294204601169
T414n9,dmrtTriple,male,279.485241113015,0.0632723395460651
T416n10,dmrtTriple,female,278.310777529166,0.0911368534692829
T416n11,dmrtTriple,female,281.608080692141,0.0824859939080399
T416n12,dmrtTriple,male,255.205363928303,0.0618415989791213
T416n13,dmrtTriple,male,271.605923679469,0.0614273462105963
T416n14,dmrtTriple,female,269.288775192069,0.103230345102154
T416n15,dmrtTriple,male,258.443202442798,0.063474485266415
T416n16,dmrtTriple,male,279.501142911597,0.0475878791743682
T416n17,dmrtTriple,female,300.594226306642,0.0658492452186085
T416n6,dmrtTriple,female,297.252604885325,0.0735721906386307
T416n7,dmrtTriple,female,271.95424451755,0.07843064758254
T416n8,dmrtTriple,male,253.874859811767,0.0547030861237141
T416n9,dmrtTriple,male,255.480375415064,0.0456749637536759
T417n1,dmrtTriple,male,270.553342450451,0.067282941701454
T417n10,dmrtTriple,female,295.502209053597,0.0715329447464421
T417n11,dmrtTriple,male,287.375093639731,0.0490900934819117
T417n12,dmrtTriple,female,294.395048267535,0.0691114552852252
T417n14,dmrtTriple,female,319.800284900158,0.0728347221709052
T417n15,dmrtTriple,male,275.180748680653,0.0513528162413148
T417n16,dmrtTriple,male,295.436024283506,0.0478739130333732
T417n17,dmrtTriple,male,283.837018790322,0.0526038867759379
T417n4,dmrtTriple,male,263.229515400112,0.0467506021017276
T417n7,dmrtTriple,male,247.757946391231,0.0532454298993155
T417n9,dmrtTriple,male,289.65074754876,0.057092867544807
T421n1,dmrtTriple,female,226.242740828911,0.0552929084116139
T421n10,dmrtTriple,female,279.397765043157,0.0745005146637884
T421n14,dmrtTriple,female,247.772296900019,0.0727906659936105
T421n15,dmrtTriple,female,231.295866322288,0.100306298437693
T421n16,dmrtTriple,female,256.374725743393,0.0740193142300732
T421n17,dmrtTriple,female,289.672612136913,0.0666281191253905
T421n18,dmrtTriple,female,216.577417515718,0.0761093697118138
T421n19,dmrtTriple,female,271.506087511046,0.082250787937815
T421n2,dmrtTriple,male,221.764640002764,0.0491980870448297
T421n20,dmrtTriple,female,236.598346946418,0.0338702469061239
T421n21,dmrtTriple,female,257.14500880934,0.0992974096555619
T421n22,dmrtTriple,female,275.866312227902,0.0756446172669899
T421n23,dmrtTriple,female,276.604812362732,0.07783830682015
T421n24,dmrtTriple,female,215.429287186719,0.0688193200156721
T421n4,dmrtTriple,female,237.814119756493,0.0650186557576578
T421n5,dmrtTriple,female,247.062745066916,0.0639179945382349
T421n6,dmrtTriple,female,212.14879474348,0.0460099326551108
T421n7,dmrtTriple,female,254.734720401004,0.0692339369391955
T421n9,dmrtTriple,male,135.639022572578,0.0109364872517443
T427n1,dmrtTriple,female,282.81128376043,0.0595961568998251
T427n2,dmrtTriple,female,306.365069085161,0.0638504486091435
T427n3,dmrtTriple,female,292.778262702529,0.0654929913433523
T427n4,dmrtTriple,female,266.044273675559,0.0489332334406823
T427n6,dmrtTriple,female,291.106700560312,0.0647889638383861
T427n7,dmrtTriple,male,188.434486110042,0.0414998321274922
T427n8,dmrtTriple,female,322.335918638374,0.0650098014491826
T427n9,dmrtTriple,female,259.166184351105,0.0437350328760333
T429n2,dmrtTriple,female,271.309581269975,0.0633141670972971
T429n3,dmrtTriple,male,264.764885217894,0.0482525309772352
T429n4,dmrtTriple,male,247.071739469419,0.057486172270886
T429n5,dmrtTriple,female,277.336538443018,0.0652277070856689
T429n6,dmrtTriple,female,262.9742669897,0.0339624899064329
T429n7,dmrtTriple,male,177.556618958028,0.028136315590799
T433n1,dmrtTriple,male,261.853224366459,0.0566156676027732
T433n2,dmrtTriple,male,209.069233615194,0.0480767912331542
T433n4,dmrtTriple,female,289.299537196696,0.0639702243501594
T433n5,dmrtTriple,male,238.743004551384,0.0337600629912387
T433n7,dmrtTriple,male,198.070694450239,0.0108062220156391
T433n8,dmrtTriple,female,292.881470147149,0.0768219298554809
T437n1,dmrtTriple,female,303.089279109491,0.0494026035780552
T437n2,dmrtTriple,male,259.298198134032,0.0185233772658383
T437n3,dmrtTriple,female,281.118401310828,0.0595172878420751
T437n4,dmrtTriple,female,195.438610925525,0.0403298289254723
T437n5,dmrtTriple,female,287.950613049453,0.063075503333897
T437n6,dmrtTriple,male,302.291985412191,0.0789210482426597
T437n7,dmrtTriple,male,160.773440580374,0.0309402759276318
T395n1,dmrt99B,female,267.169525873659,0.0614766618721423
T395n2,dmrt99B,male,189.549717811644,0.0273756492813732
T395n3,dmrt99B,male,224.7269948676,0.0348416371067335
T395n4,dmrt99B,male,254.209012865835,0.0417038015523647
T395n5,dmrt99B,female,246.981780704569,0.0533695260522801
T395n6,dmrt99B,female,271.844726922476,0.0544726834052253
T419n1,dmrt99B,male,233.700663242533,0.0421261693770952
T419n10,dmrt99B,female,231.376556960966,0.0917401591257775
T419n11,dmrt99B,female,277.535182954842,0.0617799823619
T419n12,dmrt99B,female,277.324434545633,0.0578684200512752
T419n13,dmrt99B,male,241.719764281791,0.0568608350812534
T419n14,dmrt99B,male,234.0674166892,0.0842382061665735
T419n15,dmrt99B,female,194.727795666002,0.0934214358322129
T419n16,dmrt99B,male,213.070671635284,0.0641372667190486
T419n17,dmrt99B,female,281.296996073545,0.0919924752963051
T419n2,dmrt99B,female,237.249048704333,0.0609045649738711
T419n3,dmrt99B,female,236.9209901118,0.0701476067109481
T419n4,dmrt99B,female,274.545280620722,0.0454491625915156
T419n5,dmrt99B,female,271.558465159899,0.0765084015668338
T419n6,dmrt99B,female,271.870884387751,0.0747134905395781
T419n7,dmrt99B,female,262.686970450467,0.0709912221472923
T419n8,dmrt99B,male,250.389918149895,0.0508303971980205
T419n9,dmrt99B,male,245.566917786397,0.0524150146082146
T428n1,dmrt99B,male,252.516226101303,0.0350024076806563
T428n2,dmrt99B,female,306.660869510423,0.0678187553116606
T428n6,dmrt99B,male,228.09159953356,0.0336326398985717
T428n7,dmrt99B,male,271.96731829803,0.0459668201028569
T428n8,dmrt99B,male,249.055103229073,0.0404342899622821
T432n1,dmrt99B,male,265.28475267154,0.0469086366462705
T432n2,dmrt99B,male,255.523862769105,0.0267598568930345
T432n3,dmrt99B,male,276.739749383584,0.0341166970044131
T432n4,dmrt99B,female,291.207448012199,0.07877280478551
T432n5,dmrt99B,female,272.716376886725,0.070502637126872
T434n1,dmrt99B,male,284.428471773758,0.0287754795073514
T434n2,dmrt99B,male,277.48233176987,0.0449057867737711
T434n3,dmrt99B,male,257.654376593486,0.0327442908632737
T434n4,dmrt99B,female,302.269930874891,0.0610832454182507
T434n5,dmrt99B,male,295.891872142511,0.043499611139479
T434n6,dmrt99B,male,292.627939730831,0.0574391437607143
T434n7,dmrt99B,male,286.775173262959,0.0388539868711395
T434n8,dmrt99B,female,306.066078558935,0.0766430090581755
T396n1,dmrt93B,male,239.613680332469,0.0295025185825899
T396n2,dmrt93B,female,266.641665494682,0.0298329455046663
T396n3,dmrt93B,female,258.190282974054,0.0705098798161003
T396n4,dmrt93B,female,281.105753132952,0.0554052034928593
T396n5,dmrt93B,female,290.183083969797,0.0635377499598703
T396n7,dmrt93B,male,222.517355050726,0.0272954888913719
T420n1,dmrt93B,female,243.925307329017,0.048052553630083
T420n10,dmrt93B,male,246.076772121584,0.0651796770220096
T420n11,dmrt93B,female,276.289703029266,0.0825479545697063
T420n12,dmrt93B,female,274.632683981916,0.0853384539681135
T420n13,dmrt93B,female,288.487242159664,0.0823141527582674
T420n14,dmrt93B,male,266.071001384551,0.0664199488513569
T420n15,dmrt93B,male,251.282930401393,0.0555318186490389
T420n2,dmrt93B,female,267.111295988104,0.0824409084363264
T420n3,dmrt93B,male,235.758822151414,0.0651219458817636
T420n4,dmrt93B,female,265.433816819016,0.10069309450733
T420n5,dmrt93B,female,258.886504519301,0.0852266441082935
T420n6,dmrt93B,male,220.782446967346,0.0638078808813413
T420n7,dmrt93B,female,270.467907317835,0.0950998699696718
T420n8,dmrt93B,male,211.441612639413,0.0685038958026303
T420n9,dmrt93B,male,249.165719061743,0.0728644651414154
T430n1,dmrt93B,male,303.457117600201,0.040412310914013
T430n10,dmrt93B,female,290.972316361693,0.0676906956961652
T430n11,dmrt93B,female,290.735465863921,0.0482961632186018
T430n12,dmrt93B,female,268.483808740035,0.0504606322106966
T430n13,dmrt93B,female,285.831341100929,0.0646643887543151
T430n14,dmrt93B,female,295.613862252019,0.0546385175132392
T430n15,dmrt93B,male,192.106721193987,0.0118440521623598
T430n16,dmrt93B,female,279.693483021047,0.0664385075486923
T430n17,dmrt93B,female,280.020634160334,0.0714247032805233
T430n2,dmrt93B,male,258.967179387659,0.049395433853371
T430n3,dmrt93B,male,301.675322159437,0.0373721730414572
T430n4,dmrt93B,male,281.023526100969,0.0150949556952076
T430n5,dmrt93B,male,254.94748914673,0.0330034802391436
T430n6,dmrt93B,female,275.004449503855,0.0246793552178907
T430n7,dmrt93B,female,294.26367616665,0.0646493269510262
T430n8,dmrt93B,male,270.060075621045,0.0265943684824135
T430n9,dmrt93B,male,267.912091718326,0.0428599272696187
T003F,fru,female,289.888418552917,0.0533352247595548
T003I,fru,female,528.646421452835,0.0614300586360457
T003K,fru,female,502.787783816946,0.066921788700375
T003H,fru,male,729.17095126784,0.0349635274335528
T003o,fru,male,803.529741438244,0.0364583801772892
T003P,fru,female,755.401827105991,0.0232822818075372
T008D,fru,male,642.389410114437,0.0179590142920795
T022N,fru,female,925.789400911731,0.055478790169438
T422n1,fru,female,253.509319966304,0.0691665697160117
T422n2,fru,female,270.284269651212,0.0549561403873716
T423n1,fru,male,277.865911887171,0.042385280219525
T423n2,fru,male,248.59432390454,0.0222818422358774
T423n3,fru,female,258.567658794023,0.0606925555823444
T423n4,fru,female,252.739608646704,0.0820502057735523
T423n5,fru,female,296.545226914884,0.0700365659126545
T424n1a,fru,male,274.538805190734,0.0465028716974236
T424n2,fru,male,266.698965453561,0.0341261957266251
T424n5,fru,male,261.166543622179,0.0426225654751673
T424n6,fru,male,273.53943684067,0.0601530564160107
T424n7,fru,female,290.62901531716,0.0601483305248319
T425n1,fru,female,280.516159347174,0.0702943868864074
T425n10,fru,male,261.47058773067,0.0420828514866203
T425n11,fru,male,258.248218142933,0.0180629152332027
T425n12,fru,male,263.038687012217,0.0470263503700541
T425n13,fru,female,317.285360519517,0.0666142213317164
T425n14,fru,female,275.807835771776,0.066740418945158
T425n19,fru,male,265.444737269779,0.0476854304201542
T425n2,fru,male,255.756828951947,0.031651344073681
T425n20,fru,female,299.884792693609,0.0787345975134824
T425n21,fru,female,303.718802696032,0.0637714928390455
T425n22,fru,female,224.067886431273,0.0613952918344785
T425n3,fru,female,294.950588122071,0.0727727405775936
T425n4,fru,female,271.365272485466,0.0583647923004379
T425n5,fru,female,255.954857130879,0.0771759792716372
T425n6,fru,female,283.862415727917,0.0531567675662113
T425n7,fru,male,260.024241227621,0.037989314147642
T425n8,fru,male,266.467702629126,0.0492012289120001
T425n9,fru,male,272.295197838669,0.0309733618700812
T257n2,ix,female,268.011608372142,0.0683868156136349
T257n3,ix,female,273.825573028606,0.0725829540267241
T257n4,ix,female,274.796086014501,0.0744233817275197
T257n5,ix,female,299.224182029312,0.070936076641146
T257n6,ix,female,273.326829190908,0.0754937368337868
T257n7,ix,female,267.219427104809,0.07238461902258
T257n8,ix,female,294.503725688563,0.0837281822456963
T257n9,ix,male,272.532159162507,0.0517177990260974
T291n1,ix,female,278.536020591393,0.0917533319371299
T292n14,ix,male,253.005050454641,0.0439028192237099
T292n3,ix,female,287.173195901784,0.07713156325768
T292n4,ix,female,225.819495270989,0.0514340497104793
T292n5,ix,female,296.742312453078,0.0786724596155336
T292n9,ix,female,216.175987989449,0.0511574411158053
T299n15,ix,female,313.992150961701,0.0900559297552337
T299n16,ix,male,279.217293233146,0.0567822695394204
T299n18,ix,female,312.201501882643,0.0806997197706724
T299n21,ix,male,250.716125639692,0.0422151999213912
T300n12,ix,male,247.402506050363,0.0398611347861208
T300n14,ix,male,272.537051507578,0.0485655841406335
T300n15,ix,female,305.668302431101,0.090537267391542
T300n17,ix,female,275.563118805434,0.083682855698567
T300n18,ix,female,312.503364210869,0.0734369056843846
T300n23,ix,female,316.721047962118,0.0857204965600719
T300n25,ix,female,300.839481338101,0.0853581386739299
T300n27,ix,male,278.47819694547,0.0184405776038587
T300n4,ix,male,252.083665715369,0.0290586006250095
T300n5,ix,male,248.651474066726,0.0630510803088586
T300n6,ix,male,256.9375194262,0.0771385976523665
T300n7,ix,male,226.460690726767,0.0660420346323108
T300n8,ix,female,292.854493092465,0.0752318851858772
T300n9,ix,female,265.502322234665,0.0663511438594865
T352n1,ix,female,321.555978270935,0.0737124994957013
T352n15,ix,male,273.404485050589,0.0510524457844464
T352n16,ix,female,292.71643456234,0.0821951583845412
T352n17,ix,female,303.989063969596,0.0696374522161505
T352n19,ix,female,241.360797293641,0.0612966148330847
T352n2,ix,female,328.302002492962,0.0643906229211701
T352n3,ix,male,250.45899041116,0.0405673601540583
T352n4,ix,female,283.696033560178,0.0687090950866283
T352n5,ix,female,302.581853021257,0.0742662409408979
T353n1,ix,female,307.362977601402,0.077069095921073
T353n3,ix,female,298.804942694877,0.0827956376039077
T353n4,ix,male,252.215560169383,0.0318090750879918
T353n6,ix,male,251.378422127101,0.0441064768249444
T330n1,none,female,230.207635745549,0.0649146639122391
T330n10,none,female,274.005677151243,0.0850345977810894
T330n12,none,female,244.562421025344,0.0937413130849136
T330n13,none,female,272.75711621229,0.0846420949487741
T330n14,none,female,271.630467935965,0.0767940749809292
T330n15,none,female,277.025347507729,0.0829266768749404
T330n16,none,female,271.306947577422,0.0823325329627207
T330n17,none,female,288.368591293234,0.084762513195137
T330n18,none,female,263.564033965183,0.076716903096288
T330n19,none,female,287.780780765113,0.0815258081096348
T330n2,none,female,298.154322457348,0.0954180008399922
T330n2,none,female,287.605887235209,0.098401878989925
T330n21,none,female,250.584206294899,0.0864719827551106
T330n22,none,female,280.696437853343,0.0698316204302806
T330n23,none,female,283.798833291784,0.0783335111185093
T330n24,none,female,298.307075194524,0.0773402719734947
T330n26,none,male,232.440195414744,0.0519202428960105
T330n27,none,male,250.443162769076,0.0470347214267279
T330n28,none,male,244.165699656788,0.040405925722443
T330n29,none,male,250.240772945666,0.0473865755170281
T330n3,none,female,243.233075884678,0.101528262766524
T330n30,none,male,253.084087914581,0.052883605822728
T330n32,none,male,253.780307440204,0.0581393223915209
T330n34,none,male,232.331181243022,0.0296143623341235
T330n35,none,male,255.208846938259,0.0417412207678995
T330n36,none,male,208.343733073762,0.029981518496097
T330n37,none,male,232.766931595629,0.0460495098981531
T330n39,none,male,239.847405192922,0.0566795654388655
T330n4,none,female,288.498026182349,0.0791867602780101
T330n40,none,male,240.866952670741,0.0509314507431123
T330n41,none,male,232.50398664109,0.0440341700833814
T330n43,none,male,236.277802495283,0.0446063499312449
T330n45,none,male,178.266654200947,0.0582822772865707
T330n46,none,male,273.182071967478,0.0589870369514584
T330n47,none,male,245.99683988982,0.0511911413432665
T330n48,none,male,239.769797004451,0.0501323137316376
T330n5,none,female,275.01595913288,0.0855318540986905
T330n50,none,male,213.420294775877,0.0357413191458354
T330n51,none,female,291.732373551133,0.0678810367828955
T330n53,none,male,262.304318598752,0.0320877126693789
T330n54,none,female,305.46940199561,0.0682648125889216
T330n55,none,male,260.51018320894,0.0449758783432299
T330n56,none,female,274.339206093478,0.0551549090969372
T330n6,none,female,256.102410071527,0.0797638702186405
T330n8,none,female,228.15957909508,0.0960964723210346
T330n9,none,female,245.472973213499,0.0986928217255525
